,lr_high,lr_low,rf_high,rf_low,svr_high,svr_low,lstm_high,lstm_low
r2_score,0.9984289087308634,0.998202792677283,0.9982612116586248,0.9981040678386227,0.998264475755193,0.9980240385620488,0.9979283855804627,0.9971779652916475
mse_score,1513.2842088074124,1673.3712693352477,1674.8109999412773,1765.2935013980298,1671.667003224052,1839.8083837000254,1995.3910058621493,2627.583218882358
abs_error,16.393849650035754,17.332402307084585,17.284511972705186,18.275443794769494,14.175684747296208,15.0665949880097,23.891014495241613,28.5634459707355
range_metric,0.29348735978570234,0.2856186171103298,0.3279758915118031,0.3149171270718232,0.4980746693453876,0.5025950108823037,0.32496233048719236,0.4525364138623807
